"athlete_id","date","game_workload"
1,2016-05-05,402
1,2016-05-08,365
1,2016-05-11,457
1,2016-05-16,405
1,2016-05-20,407
1,2016-05-24,484
1,2016-05-31,388
1,2016-06-01,327
1,2016-06-28,363
1,2016-07-26,477
1,2016-07-28,395
1,2016-08-12,370
1,2016-08-15,420
1,2016-08-19,379
1,2016-08-22,420
1,2016-08-26,360
1,2016-09-03,368
1,2016-09-16,338
1,2016-11-05,393
1,2016-11-06,439
1,2016-11-09,402
1,2016-11-11,356
1,2016-11-18,349
1,2016-12-06,388
1,2016-12-08,360
1,2016-12-16,317
1,2017-01-03,371
1,2017-01-04,392
1,2017-01-16,397
1,2017-01-19,506
1,2017-02-01,390
1,2017-02-21,458
1,2017-03-23,459
1,2017-03-26,465
1,2017-04-05,394
1,2017-04-12,374
1,2017-04-17,391
1,2017-04-20,456
1,2017-04-21,398
1,2017-04-24,353
1,2017-05-11,437
1,2017-05-15,342
1,2017-05-21,406
1,2017-05-26,373
1,2017-06-04,371
1,2017-06-05,385
1,2017-06-21,293
1,2017-07-05,449
1,2017-07-08,475
1,2017-07-18,416
1,2017-08-04,500
1,2017-08-28,293
1,2017-09-03,500
1,2017-09-08,398
1,2017-09-21,356
1,2017-10-11,428
1,2017-10-13,480
1,2017-10-28,418
1,2017-11-13,378
1,2017-11-19,398
1,2017-11-24,388
1,2017-11-26,466
1,2017-12-09,449
1,2017-12-10,349
1,2017-12-14,495
1,2017-12-25,427
1,2018-01-04,402
1,2018-01-09,410
1,2018-01-27,485
1,2018-02-16,470
1,2018-02-26,379
1,2018-03-16,397
1,2018-03-22,401
1,2018-04-19,396
1,2018-04-21,395
2,2016-05-04,348
2,2016-05-08,350
2,2016-05-11,298
2,2016-05-17,368
2,2016-05-20,386
2,2016-05-27,357
2,2016-06-30,403
2,2016-07-15,393
2,2016-07-28,438
2,2016-08-02,474
2,2016-08-12,394
2,2016-08-19,400
2,2016-08-31,381
2,2016-09-04,476
2,2016-09-21,448
2,2016-10-03,426
2,2016-11-02,429
2,2016-11-09,416
2,2016-11-10,488
2,2016-11-13,468
2,2016-11-21,374
2,2016-11-27,299
2,2016-12-09,351
2,2016-12-10,373
2,2016-12-12,336
2,2017-01-02,341
2,2017-01-13,369
2,2017-01-14,361
2,2017-02-10,409
2,2017-02-22,381
2,2017-03-16,444
2,2017-04-02,377
2,2017-04-04,393
2,2017-04-12,402
2,2017-05-02,378
2,2017-05-06,347
2,2017-05-10,390
2,2017-05-14,435
2,2017-05-22,418
2,2017-06-05,406
2,2017-06-18,387
2,2017-06-23,402
2,2017-06-26,368
2,2017-07-07,360
2,2017-07-10,307
2,2017-07-13,482
2,2017-07-14,424
2,2017-07-23,427
2,2017-07-27,430
2,2017-08-05,457
2,2017-08-12,353
2,2017-08-14,320
2,2017-08-19,390
2,2017-08-20,409
2,2017-08-25,400
2,2017-09-02,407
2,2017-09-07,425
2,2017-09-09,406
2,2017-09-18,300
2,2017-09-29,358
2,2017-10-11,363
2,2017-10-12,384
2,2017-10-22,408
2,2017-11-21,452
2,2017-12-16,414
2,2018-01-06,388
2,2018-02-07,253
2,2018-02-20,434
2,2018-02-22,420
2,2018-03-10,402
2,2018-03-25,416
2,2018-03-28,359
2,2018-03-29,288
2,2018-04-27,336
3,2016-05-01,457
3,2016-05-07,317
3,2016-05-12,465
3,2016-05-14,457
3,2016-05-16,347
3,2016-05-18,486
3,2016-05-21,468
3,2016-05-23,366
3,2016-05-25,340
3,2016-06-02,368
3,2016-06-06,368
3,2016-06-11,467
3,2016-06-21,340
3,2016-06-28,361
3,2016-07-13,375
3,2016-07-29,453
3,2016-07-30,398
3,2016-08-08,305
3,2016-08-13,388
3,2016-08-26,363
3,2016-09-22,365
3,2016-09-28,334
3,2016-09-29,452
3,2016-10-01,360
3,2016-10-02,385
3,2016-10-03,424
3,2016-10-12,383
3,2016-10-20,425
3,2016-11-01,455
3,2016-11-18,479
3,2016-11-19,353
3,2016-11-24,362
3,2016-12-04,383
3,2016-12-09,453
3,2016-12-21,405
3,2016-12-31,424
3,2017-01-04,456
3,2017-01-11,447
3,2017-01-15,332
3,2017-01-26,402
3,2017-02-04,360
3,2017-02-06,451
3,2017-02-15,429
3,2017-02-17,449
3,2017-03-02,390
3,2017-04-20,390
3,2017-04-26,468
3,2017-05-17,382
3,2017-05-19,377
3,2017-05-27,472
3,2017-06-01,453
3,2017-06-09,369
3,2017-06-10,356
3,2017-07-01,442
3,2017-07-02,401
3,2017-07-05,438
3,2017-07-06,449
3,2017-07-07,418
3,2017-07-09,369
3,2017-07-29,482
3,2017-07-30,432
3,2017-08-02,351
3,2017-08-06,496
3,2017-08-08,384
3,2017-08-17,414
3,2017-09-13,393
3,2017-10-22,381
3,2017-10-24,459
3,2017-10-25,426
3,2017-11-05,379
3,2017-11-06,379
3,2017-11-12,444
3,2017-11-14,369
3,2017-11-16,428
3,2017-11-23,404
3,2017-11-24,369
3,2017-11-27,437
3,2017-11-30,469
3,2017-12-07,411
3,2017-12-11,402
3,2017-12-17,494
3,2017-12-18,407
3,2017-12-25,415
3,2017-12-27,415
3,2017-12-30,434
3,2018-01-03,378
3,2018-01-10,426
3,2018-01-18,403
3,2018-01-21,442
3,2018-01-26,380
3,2018-01-30,426
3,2018-02-04,384
3,2018-02-18,362
3,2018-02-25,433
3,2018-02-27,450
3,2018-03-15,456
3,2018-03-22,343
3,2018-03-27,389
3,2018-04-06,363
3,2018-04-08,397
3,2018-04-14,451
4,2016-05-02,426
4,2016-05-04,479
4,2016-05-10,375
4,2016-05-16,518
4,2016-05-20,441
4,2016-06-02,422
4,2016-06-04,436
4,2016-06-12,480
4,2016-06-19,374
4,2016-06-30,461
4,2016-07-06,392
4,2016-07-10,396
4,2016-07-15,471
4,2016-07-17,426
4,2016-07-19,355
4,2016-07-24,395
4,2016-08-05,356
4,2016-10-13,425
4,2016-10-25,419
4,2016-11-06,378
4,2016-11-09,327
4,2016-11-17,403
4,2016-11-27,350
4,2016-11-28,398
4,2016-12-01,338
4,2016-12-08,323
4,2016-12-09,475
4,2016-12-10,449
4,2017-01-08,465
4,2017-01-09,398
4,2017-02-06,360
4,2017-02-26,418
4,2017-03-02,314
4,2017-03-12,340
4,2017-04-03,443
4,2017-04-06,422
4,2017-04-14,411
4,2017-04-15,379
4,2017-04-19,403
4,2017-04-23,470
4,2017-04-27,379
4,2017-06-05,443
4,2017-06-15,447
4,2017-07-02,507
4,2017-07-15,429
4,2017-07-29,408
4,2017-07-30,411
4,2017-08-24,423
4,2017-08-27,344
4,2017-09-07,442
4,2017-09-08,358
4,2017-09-16,310
4,2017-09-17,413
4,2017-09-18,372
4,2017-09-22,492
4,2017-09-26,395
4,2017-09-28,377
4,2017-10-13,442
4,2017-10-14,301
4,2017-10-20,474
4,2017-10-22,323
4,2017-10-25,398
4,2017-11-12,357
4,2017-11-17,426
4,2017-11-26,517
4,2017-12-02,400
4,2017-12-10,432
4,2017-12-14,400
4,2017-12-21,411
4,2017-12-23,365
4,2017-12-26,413
4,2018-02-15,363
4,2018-03-22,404
4,2018-04-03,447
4,2018-04-21,470
4,2018-04-28,441
5,2016-05-23,465
5,2016-06-04,344
5,2016-06-11,438
5,2016-06-12,365
5,2016-06-14,418
5,2016-08-01,386
5,2016-08-18,353
5,2016-08-27,342
5,2016-09-08,350
5,2016-10-08,313
5,2016-10-10,377
5,2016-10-22,416
5,2016-10-26,461
5,2016-11-03,405
5,2016-12-06,390
5,2016-12-28,317
5,2017-02-09,384
5,2017-02-14,313
5,2017-02-15,413
5,2017-03-04,432
5,2017-03-11,491
5,2017-03-14,353
5,2017-03-27,406
5,2017-04-11,375
5,2017-04-26,436
5,2017-04-29,362
5,2017-05-13,379
5,2017-05-19,452
5,2017-05-25,375
5,2017-06-01,314
5,2017-06-05,448
5,2017-06-13,483
5,2017-06-21,441
5,2017-07-11,434
5,2017-07-20,420
5,2017-07-26,475
5,2017-07-28,431
5,2017-08-12,393
5,2017-08-20,444
5,2017-08-21,433
5,2017-09-25,397
5,2017-09-27,345
5,2017-10-14,401
5,2017-10-22,386
5,2017-10-29,366
5,2017-10-30,467
5,2017-10-31,408
5,2017-11-02,415
5,2017-11-05,315
5,2017-11-10,454
5,2017-11-24,456
5,2017-12-14,393
5,2017-12-18,394
5,2017-12-19,417
5,2018-01-31,414
5,2018-02-04,381
5,2018-02-09,330
5,2018-02-13,400
5,2018-03-04,358
5,2018-03-06,366
5,2018-03-16,460
5,2018-03-20,447
5,2018-04-09,330
5,2018-04-16,375
5,2018-04-23,355
6,2016-05-21,452
6,2016-05-23,444
6,2016-05-30,382
6,2016-06-08,408
6,2016-06-11,344
6,2016-06-22,399
6,2016-07-13,410
6,2016-07-14,368
6,2016-07-20,393
6,2016-08-03,404
6,2016-08-06,361
6,2016-08-26,345
6,2016-09-15,413
6,2016-09-20,424
6,2016-10-07,370
6,2016-10-10,500
6,2016-10-14,413
6,2016-10-21,508
6,2016-10-23,454
6,2016-11-03,427
6,2016-11-04,253
6,2016-11-12,351
6,2016-11-13,385
6,2016-12-04,327
6,2016-12-14,446
6,2016-12-26,320
6,2017-01-12,419
6,2017-01-16,392
6,2017-02-13,456
6,2017-02-15,411
6,2017-02-21,444
6,2017-03-15,358
6,2017-03-22,441
6,2017-03-23,439
6,2017-03-28,407
6,2017-04-02,480
6,2017-04-05,443
6,2017-04-20,399
6,2017-04-24,459
6,2017-04-28,458
6,2017-05-04,448
6,2017-05-06,327
6,2017-05-14,392
6,2017-05-24,435
6,2017-05-27,419
6,2017-06-13,522
6,2017-06-14,391
6,2017-06-15,366
6,2017-06-16,310
6,2017-06-17,429
6,2017-06-20,434
6,2017-06-21,482
6,2017-06-27,441
6,2017-07-08,422
6,2017-07-24,521
6,2017-07-31,462
6,2017-08-04,435
6,2017-08-05,448
6,2017-08-18,308
6,2017-08-28,398
6,2017-08-30,335
6,2017-09-01,419
6,2017-09-03,314
6,2017-09-05,337
6,2017-09-15,455
6,2017-09-16,342
6,2017-09-20,376
6,2017-10-20,352
6,2017-10-28,380
6,2017-11-03,403
6,2017-11-04,396
6,2017-11-05,401
6,2017-12-05,318
6,2017-12-07,409
6,2017-12-09,398
6,2017-12-11,449
6,2017-12-16,404
6,2017-12-17,448
6,2017-12-31,474
6,2018-01-01,381
6,2018-01-06,343
6,2018-01-12,360
6,2018-01-13,415
6,2018-01-14,402
6,2018-01-19,389
6,2018-01-24,365
6,2018-01-27,407
6,2018-02-07,331
6,2018-02-14,388
6,2018-02-19,395
6,2018-02-26,317
6,2018-03-03,380
6,2018-03-06,379
6,2018-03-09,366
6,2018-03-15,360
6,2018-03-16,379
6,2018-03-19,465
6,2018-04-03,386
6,2018-04-06,418
6,2018-04-24,396
7,2016-05-12,434
7,2016-05-16,406
7,2016-05-26,399
7,2016-06-02,473
7,2016-06-15,413
7,2016-06-17,382
7,2016-06-19,474
7,2016-07-04,399
7,2016-07-07,310
7,2016-07-19,455
7,2016-07-22,425
7,2016-07-26,394
7,2016-08-13,491
7,2016-08-30,415
7,2016-09-02,341
7,2016-09-06,379
7,2016-09-27,435
7,2016-09-28,403
7,2016-11-01,380
7,2016-11-28,389
7,2016-12-08,397
7,2016-12-15,449
7,2016-12-27,432
7,2017-01-04,395
7,2017-01-15,360
7,2017-02-12,490
7,2017-02-20,402
7,2017-03-01,361
7,2017-03-02,352
7,2017-03-09,448
7,2017-04-04,483
7,2017-04-28,353
7,2017-05-10,457
7,2017-05-23,334
7,2017-06-19,386
7,2017-07-05,399
7,2017-07-07,386
7,2017-07-09,296
7,2017-07-10,339
7,2017-07-12,470
7,2017-07-26,470
7,2017-08-18,397
7,2017-08-20,452
7,2017-08-24,403
7,2017-08-25,317
7,2017-08-30,456
7,2017-09-04,381
7,2017-09-14,380
7,2017-09-28,345
7,2017-10-02,455
7,2017-10-13,354
7,2017-10-14,518
7,2017-10-23,425
7,2017-10-29,398
7,2017-11-27,311
7,2017-12-04,332
7,2017-12-12,414
7,2017-12-13,450
7,2017-12-26,403
7,2018-01-06,484
7,2018-01-07,347
7,2018-01-10,329
7,2018-01-11,483
7,2018-01-13,388
7,2018-01-17,407
7,2018-01-19,365
7,2018-02-03,457
7,2018-02-06,406
7,2018-02-12,413
7,2018-02-19,333
7,2018-03-03,371
7,2018-03-08,411
7,2018-03-10,431
7,2018-03-14,422
7,2018-03-18,380
7,2018-03-29,430
7,2018-04-03,443
7,2018-04-18,403
7,2018-04-29,377
8,2016-05-12,376
8,2016-05-13,391
8,2016-05-20,405
8,2016-06-27,427
8,2016-07-13,275
8,2016-08-26,449
8,2016-09-02,434
8,2016-09-09,373
8,2016-09-18,430
8,2016-09-19,422
8,2016-09-20,404
8,2016-09-24,421
8,2016-10-07,396
8,2016-10-10,385
8,2016-10-24,429
8,2016-10-25,438
8,2016-10-26,414
8,2016-10-27,417
8,2016-11-16,368
8,2016-11-25,351
8,2016-12-05,416
8,2016-12-09,450
8,2016-12-10,422
8,2016-12-17,345
8,2016-12-20,384
8,2016-12-23,442
8,2016-12-26,413
8,2016-12-31,404
8,2017-01-01,348
8,2017-01-06,440
8,2017-01-24,366
8,2017-02-03,457
8,2017-02-26,459
8,2017-03-08,360
8,2017-04-07,384
8,2017-04-25,476
8,2017-05-06,427
8,2017-05-10,359
8,2017-05-22,371
8,2017-05-24,432
8,2017-05-28,397
8,2017-06-24,324
8,2017-07-10,369
8,2017-07-16,358
8,2017-07-17,435
8,2017-08-21,366
8,2017-09-01,395
8,2017-09-06,435
8,2017-09-18,409
8,2017-10-07,329
8,2017-10-11,449
8,2017-10-18,325
8,2017-10-26,364
8,2017-11-18,374
8,2017-11-22,396
8,2017-12-10,315
8,2017-12-21,488
8,2017-12-23,370
8,2017-12-27,353
8,2018-01-11,473
8,2018-01-20,380
8,2018-01-22,477
8,2018-02-02,403
8,2018-02-09,466
8,2018-02-13,384
8,2018-03-06,485
9,2016-05-11,410
9,2016-05-13,415
9,2016-05-17,371
9,2016-05-20,432
9,2016-05-22,393
9,2016-06-25,347
9,2016-07-01,359
9,2016-07-23,463
9,2016-07-29,393
9,2016-08-07,409
9,2016-08-15,352
9,2016-08-19,436
9,2016-08-26,435
9,2016-09-11,424
9,2016-09-14,378
9,2016-09-25,359
9,2016-09-30,312
9,2016-10-13,483
9,2016-10-18,356
9,2016-10-29,435
9,2016-11-08,465
9,2016-11-14,381
9,2016-12-11,385
9,2016-12-26,424
9,2017-01-05,378
9,2017-01-19,386
9,2017-01-20,336
9,2017-02-08,316
9,2017-02-09,527
9,2017-02-12,395
9,2017-04-01,302
9,2017-04-06,383
9,2017-05-04,407
9,2017-06-06,382
9,2017-06-09,387
9,2017-06-12,433
9,2017-06-23,358
9,2017-07-04,416
9,2017-07-06,452
9,2017-07-22,402
9,2017-07-30,525
9,2017-08-05,366
9,2017-08-24,410
9,2017-08-27,381
9,2017-09-11,418
9,2017-09-12,365
9,2017-09-25,361
9,2017-09-29,373
9,2017-10-19,492
9,2017-10-26,492
9,2017-11-07,358
9,2017-11-09,469
9,2017-11-19,371
9,2017-11-20,459
9,2017-12-14,416
9,2017-12-31,359
9,2018-01-12,369
9,2018-01-15,344
9,2018-01-16,320
9,2018-01-21,389
9,2018-01-26,460
9,2018-02-06,394
9,2018-02-07,359
9,2018-02-11,449
9,2018-02-14,360
9,2018-02-21,411
9,2018-02-28,386
9,2018-03-08,406
9,2018-03-14,397
9,2018-04-02,466
9,2018-04-03,382
10,2016-05-02,523
10,2016-05-11,506
10,2016-05-15,360
10,2016-05-25,399
10,2016-05-26,437
10,2016-06-17,390
10,2016-07-10,386
10,2016-07-12,417
10,2016-08-11,456
10,2016-09-09,459
10,2016-09-20,424
10,2016-09-25,402
10,2016-09-28,415
10,2016-10-03,396
10,2016-10-08,454
10,2016-10-16,357
10,2016-10-24,410
10,2016-10-29,404
10,2016-11-03,456
10,2016-11-14,396
10,2016-11-17,425
10,2016-11-21,412
10,2016-12-26,382
10,2017-01-01,323
10,2017-01-03,440
10,2017-01-12,433
10,2017-01-16,352
10,2017-01-23,386
10,2017-01-28,461
10,2017-02-01,470
10,2017-02-11,440
10,2017-02-22,415
10,2017-03-03,416
10,2017-03-06,534
10,2017-03-14,374
10,2017-03-20,441
10,2017-03-21,444
10,2017-03-22,404
10,2017-03-26,399
10,2017-04-04,396
10,2017-04-09,340
10,2017-04-14,406
10,2017-04-16,402
10,2017-04-19,413
10,2017-05-01,416
10,2017-05-02,346
10,2017-05-17,415
10,2017-05-22,461
10,2017-07-17,374
10,2017-07-21,369
10,2017-07-26,354
10,2017-07-28,385
10,2017-07-30,394
10,2017-08-17,449
10,2017-08-20,423
10,2017-08-28,284
10,2017-10-10,400
10,2017-10-13,450
10,2017-10-18,444
10,2017-10-22,386
10,2017-10-30,399
10,2017-10-31,315
10,2017-11-10,380
10,2017-11-16,372
10,2017-12-05,505
10,2017-12-17,413
10,2018-01-04,419
10,2018-01-14,429
10,2018-01-15,348
10,2018-01-27,481
10,2018-02-03,332
10,2018-02-07,451
10,2018-02-13,412
10,2018-02-14,405
10,2018-02-15,404
10,2018-02-24,412
10,2018-03-04,401
10,2018-03-19,467
10,2018-03-25,385
10,2018-03-29,414
10,2018-03-31,399
10,2018-04-23,427
10,2018-04-27,475
11,2016-05-13,374
11,2016-06-11,455
11,2016-06-17,317
11,2016-07-04,362
11,2016-07-17,425
11,2016-07-22,372
11,2016-07-27,366
11,2016-07-29,392
11,2016-08-09,409
11,2016-08-14,339
11,2016-08-15,436
11,2016-08-16,403
11,2016-08-20,353
11,2016-09-06,420
11,2016-09-07,407
11,2016-09-15,423
11,2016-09-18,316
11,2016-10-15,495
11,2016-10-16,396
11,2016-11-07,426
11,2016-11-09,400
11,2016-11-12,364
11,2016-11-15,428
11,2016-11-16,403
11,2016-12-03,387
11,2016-12-11,457
11,2016-12-13,408
11,2016-12-17,336
11,2017-01-03,405
11,2017-01-07,467
11,2017-01-19,339
11,2017-02-01,329
11,2017-02-02,462
11,2017-02-27,330
11,2017-03-04,410
11,2017-03-24,332
11,2017-03-29,455
11,2017-03-30,399
11,2017-04-02,424
11,2017-04-18,391
11,2017-04-22,394
11,2017-05-07,382
11,2017-05-23,413
11,2017-05-30,377
11,2017-06-01,393
11,2017-06-27,441
11,2017-06-30,430
11,2017-07-03,474
11,2017-07-13,396
11,2017-07-29,426
11,2017-08-14,379
11,2017-08-20,361
11,2017-08-27,322
11,2017-08-31,401
11,2017-09-20,363
11,2017-09-24,433
11,2017-10-17,304
11,2017-10-21,349
11,2017-10-29,418
11,2017-11-16,343
11,2017-11-25,435
11,2017-11-26,458
11,2017-12-28,415
11,2017-12-30,410
11,2017-12-31,443
11,2018-01-10,385
11,2018-01-11,293
11,2018-02-02,290
11,2018-02-05,410
11,2018-02-09,447
11,2018-02-11,428
11,2018-02-26,397
11,2018-03-02,412
11,2018-04-18,414
11,2018-04-20,388
11,2018-04-26,381
11,2018-04-29,428
12,2016-05-12,462
12,2016-06-05,339
12,2016-06-13,476
12,2016-07-04,345
12,2016-07-13,427
12,2016-07-27,365
12,2016-07-30,394
12,2016-08-01,408
12,2016-08-06,395
12,2016-08-07,427
12,2016-08-13,387
12,2016-08-20,463
12,2016-08-22,401
12,2016-08-26,423
12,2016-09-14,382
12,2016-09-17,395
12,2016-09-18,375
12,2016-09-21,433
12,2016-09-23,433
12,2016-09-26,304
12,2016-10-27,360
12,2016-11-01,350
12,2016-11-16,457
12,2016-12-13,395
12,2016-12-19,368
12,2016-12-20,462
12,2016-12-24,477
12,2017-01-05,454
12,2017-01-21,384
12,2017-01-30,383
12,2017-02-06,300
12,2017-02-26,383
12,2017-03-06,380
12,2017-03-26,403
12,2017-04-01,410
12,2017-04-13,353
12,2017-04-16,435
12,2017-04-17,448
12,2017-04-19,413
12,2017-04-22,397
12,2017-04-28,411
12,2017-04-30,399
12,2017-05-22,455
12,2017-06-14,360
12,2017-06-26,398
12,2017-07-04,343
12,2017-07-11,465
12,2017-07-14,460
12,2017-07-22,416
12,2017-08-08,461
12,2017-08-13,432
12,2017-08-14,428
12,2017-08-15,379
12,2017-09-03,357
12,2017-09-09,421
12,2017-09-15,405
12,2017-10-01,432
12,2017-10-08,480
12,2017-10-12,333
12,2017-10-17,424
12,2017-11-01,464
12,2017-12-15,422
12,2017-12-17,377
12,2017-12-19,327
12,2018-01-13,431
12,2018-01-20,405
12,2018-02-02,433
12,2018-02-21,382
12,2018-02-24,400
12,2018-03-05,377
12,2018-03-11,458
12,2018-03-18,435
12,2018-03-24,293
12,2018-03-31,402
12,2018-04-09,343
13,2016-05-22,418
13,2016-05-23,403
13,2016-05-26,334
13,2016-06-05,388
13,2016-06-10,455
13,2016-07-19,410
13,2016-08-01,435
13,2016-08-17,474
13,2016-08-24,418
13,2016-09-07,423
13,2016-09-08,370
13,2016-09-12,442
13,2016-09-18,412
13,2016-09-23,344
13,2016-10-17,417
13,2016-11-04,435
13,2016-11-12,511
13,2016-11-16,381
13,2016-11-23,388
13,2016-11-30,379
13,2016-12-09,403
13,2016-12-10,413
13,2016-12-17,418
13,2016-12-31,442
13,2017-01-09,467
13,2017-01-12,348
13,2017-01-27,424
13,2017-01-29,467
13,2017-02-11,401
13,2017-02-20,393
13,2017-03-03,361
13,2017-03-04,400
13,2017-03-06,334
13,2017-03-08,277
13,2017-03-09,370
13,2017-03-20,395
13,2017-03-21,397
13,2017-04-04,377
13,2017-04-20,278
13,2017-04-25,341
13,2017-05-18,421
13,2017-05-22,424
13,2017-06-07,467
13,2017-06-22,402
13,2017-06-28,225
13,2017-07-04,422
13,2017-07-22,355
13,2017-07-30,368
13,2017-08-07,405
13,2017-08-10,363
13,2017-08-15,459
13,2017-08-18,408
13,2017-08-20,365
13,2017-08-25,363
13,2017-09-25,309
13,2017-10-13,372
13,2017-10-24,360
13,2017-11-04,332
13,2017-11-09,382
13,2017-11-21,364
13,2017-11-23,397
13,2017-12-05,395
13,2017-12-06,331
13,2018-01-05,378
13,2018-01-06,373
13,2018-01-07,393
13,2018-01-24,480
13,2018-01-25,410
13,2018-01-26,410
13,2018-02-02,376
13,2018-02-03,421
13,2018-03-02,382
13,2018-03-03,531
13,2018-03-18,398
13,2018-03-21,419
13,2018-03-25,284
14,2016-05-07,461
14,2016-05-08,338
14,2016-06-20,410
14,2016-06-30,351
14,2016-07-05,456
14,2016-07-09,449
14,2016-07-17,389
14,2016-07-22,448
14,2016-07-25,474
14,2016-07-28,450
14,2016-07-31,510
14,2016-08-15,376
14,2016-08-19,408
14,2016-08-20,356
14,2016-08-24,467
14,2016-08-30,395
14,2016-09-07,400
14,2016-09-24,456
14,2016-09-25,357
14,2016-09-29,354
14,2016-09-30,377
14,2016-10-08,463
14,2016-10-14,415
14,2016-10-18,365
14,2016-10-24,367
14,2016-10-26,252
14,2016-11-01,380
14,2016-11-12,407
14,2016-11-22,425
14,2016-11-27,399
14,2016-12-06,309
14,2016-12-13,305
14,2016-12-17,389
14,2016-12-18,346
14,2016-12-22,289
14,2017-01-23,372
14,2017-01-31,410
14,2017-02-08,382
14,2017-02-09,460
14,2017-02-11,371
14,2017-02-14,417
14,2017-02-23,419
14,2017-03-10,378
14,2017-03-11,385
14,2017-03-17,426
14,2017-03-21,368
14,2017-03-22,431
14,2017-04-07,498
14,2017-04-27,399
14,2017-05-20,400
14,2017-06-08,417
14,2017-06-10,394
14,2017-06-14,407
14,2017-06-18,416
14,2017-06-28,366
14,2017-06-29,418
14,2017-07-04,359
14,2017-07-11,363
14,2017-07-18,321
14,2017-07-20,453
14,2017-07-24,350
14,2017-07-28,509
14,2017-08-02,416
14,2017-08-08,273
14,2017-09-01,509
14,2017-09-11,415
14,2017-09-21,389
14,2017-09-24,480
14,2017-10-29,329
14,2017-11-10,296
14,2017-11-12,468
14,2017-11-13,441
14,2017-11-18,396
14,2017-11-21,453
14,2017-12-03,321
14,2017-12-13,362
14,2018-01-27,407
14,2018-01-29,505
14,2018-02-06,406
14,2018-03-13,433
14,2018-03-26,342
14,2018-04-03,348
14,2018-04-05,449
14,2018-04-20,391
14,2018-04-26,417
15,2016-05-13,417
15,2016-06-10,395
15,2016-06-17,508
15,2016-07-01,484
15,2016-07-16,425
15,2016-07-17,370
15,2016-07-28,403
15,2016-08-12,416
15,2016-08-17,364
15,2016-08-21,388
15,2016-08-22,370
15,2016-08-25,388
15,2016-09-03,451
15,2016-09-05,335
15,2016-09-11,362
15,2016-10-01,395
15,2016-10-04,447
15,2016-10-19,432
15,2016-10-20,474
15,2016-10-28,337
15,2016-11-01,438
15,2016-11-06,477
15,2016-11-20,307
15,2016-11-24,500
15,2016-11-25,411
15,2016-12-03,485
15,2016-12-23,494
15,2017-01-02,331
15,2017-01-07,387
15,2017-01-11,418
15,2017-01-20,501
15,2017-01-24,409
15,2017-02-01,477
15,2017-02-21,331
15,2017-02-22,416
15,2017-02-23,490
15,2017-02-28,372
15,2017-03-15,364
15,2017-03-26,398
15,2017-03-31,444
15,2017-04-02,400
15,2017-04-04,386
15,2017-04-08,349
15,2017-05-02,331
15,2017-05-04,356
15,2017-05-06,410
15,2017-05-12,433
15,2017-05-18,381
15,2017-05-29,357
15,2017-06-09,347
15,2017-06-22,365
15,2017-06-26,423
15,2017-06-28,425
15,2017-06-30,415
15,2017-07-01,442
15,2017-07-04,416
15,2017-07-07,492
15,2017-07-12,439
15,2017-07-17,440
15,2017-08-02,424
15,2017-09-07,374
15,2017-09-28,401
15,2017-10-09,474
15,2017-11-05,381
15,2017-11-10,393
15,2017-11-11,369
15,2017-12-01,390
15,2017-12-12,451
15,2017-12-15,322
15,2017-12-18,396
15,2017-12-24,361
15,2017-12-28,367
15,2017-12-30,516
15,2018-01-03,329
15,2018-01-08,360
15,2018-01-15,438
15,2018-01-19,368
15,2018-02-05,344
15,2018-02-12,438
15,2018-02-15,363
15,2018-02-21,359
15,2018-02-23,389
15,2018-02-26,394
15,2018-03-25,410
15,2018-03-29,329
15,2018-04-09,350
15,2018-04-11,393
15,2018-04-21,450
15,2018-04-22,457
15,2018-04-27,393
16,2016-05-10,344
16,2016-05-13,412
16,2016-05-22,400
16,2016-05-29,450
16,2016-06-06,458
16,2016-07-06,375
16,2016-07-09,308
16,2016-07-19,453
16,2016-08-30,353
16,2016-09-03,337
16,2016-09-26,420
16,2016-09-28,452
16,2016-09-30,405
16,2016-10-09,395
16,2016-10-15,363
16,2016-10-26,440
16,2016-11-09,445
16,2016-11-10,465
16,2016-11-23,460
16,2016-12-13,328
16,2016-12-22,393
16,2017-01-05,467
16,2017-01-09,344
16,2017-01-28,395
16,2017-02-02,413
16,2017-02-07,366
16,2017-02-11,397
16,2017-02-13,376
16,2017-03-07,368
16,2017-03-09,406
16,2017-03-12,418
16,2017-03-20,432
16,2017-03-26,470
16,2017-04-02,377
16,2017-04-20,375
16,2017-05-07,417
16,2017-05-24,383
16,2017-05-27,403
16,2017-06-13,330
16,2017-07-01,438
16,2017-07-08,381
16,2017-07-09,341
16,2017-07-16,368
16,2017-07-18,326
16,2017-07-19,379
16,2017-08-16,373
16,2017-08-19,346
16,2017-09-06,525
16,2017-09-12,409
16,2017-10-01,368
16,2017-10-16,259
16,2017-10-17,326
16,2017-10-27,393
16,2017-10-28,327
16,2017-11-13,375
16,2017-11-23,304
16,2017-12-04,519
16,2017-12-22,483
16,2017-12-29,371
16,2017-12-31,417
16,2018-02-14,399
16,2018-02-23,392
16,2018-03-24,424
16,2018-03-25,457
16,2018-03-27,356
16,2018-03-30,384
16,2018-04-05,492
16,2018-04-11,443
16,2018-04-25,394
17,2016-05-04,317
17,2016-05-06,405
17,2016-05-07,358
17,2016-05-13,427
17,2016-05-24,433
17,2016-05-29,450
17,2016-06-03,386
17,2016-06-11,467
17,2016-06-13,453
17,2016-06-14,427
17,2016-06-15,435
17,2016-06-25,460
17,2016-06-27,318
17,2016-07-10,377
17,2016-07-19,440
17,2016-07-20,271
17,2016-07-22,368
17,2016-07-25,344
17,2016-07-27,239
17,2016-07-29,413
17,2016-08-04,440
17,2016-08-14,450
17,2016-08-19,440
17,2016-09-01,364
17,2016-09-22,424
17,2016-10-09,451
17,2016-10-15,359
17,2016-11-10,372
17,2016-12-03,394
17,2016-12-07,381
17,2016-12-25,376
17,2016-12-27,399
17,2016-12-31,395
17,2017-01-14,416
17,2017-01-17,439
17,2017-01-26,382
17,2017-01-28,397
17,2017-02-12,401
17,2017-02-13,390
17,2017-02-22,360
17,2017-02-25,393
17,2017-03-16,364
17,2017-03-26,402
17,2017-04-15,436
17,2017-04-17,398
17,2017-04-24,359
17,2017-04-30,387
17,2017-05-21,337
17,2017-05-23,370
17,2017-05-27,324
17,2017-06-06,501
17,2017-06-20,402
17,2017-06-22,335
17,2017-06-23,332
17,2017-06-25,381
17,2017-06-27,454
17,2017-07-04,388
17,2017-07-06,414
17,2017-07-08,325
17,2017-07-24,451
17,2017-08-13,435
17,2017-09-10,360
17,2017-09-17,370
17,2017-10-01,274
17,2017-10-26,514
17,2017-10-28,390
17,2017-11-06,389
17,2017-11-14,361
17,2017-11-20,426
17,2017-12-14,375
17,2017-12-21,470
17,2018-01-11,410
17,2018-01-12,387
17,2018-01-18,494
17,2018-01-19,326
17,2018-01-29,489
17,2018-02-05,422
17,2018-02-06,403
17,2018-02-11,399
17,2018-03-06,330
17,2018-03-09,355
17,2018-03-13,394
17,2018-03-29,359
18,2016-05-01,331
18,2016-05-07,403
18,2016-05-19,492
18,2016-06-03,320
18,2016-06-10,310
18,2016-06-15,369
18,2016-06-18,394
18,2016-06-28,390
18,2016-07-05,426
18,2016-07-12,452
18,2016-07-15,521
18,2016-07-16,395
18,2016-07-18,358
18,2016-07-22,403
18,2016-07-31,456
18,2016-08-06,331
18,2016-08-13,401
18,2016-08-27,385
18,2016-08-31,333
18,2016-09-17,446
18,2016-09-21,391
18,2016-09-28,400
18,2016-10-07,459
18,2016-10-22,461
18,2016-10-23,400
18,2016-10-28,378
18,2016-11-14,478
18,2016-12-10,405
18,2016-12-15,399
18,2016-12-22,402
18,2016-12-29,409
18,2017-01-17,405
18,2017-01-21,417
18,2017-01-30,372
18,2017-03-27,432
18,2017-03-30,359
18,2017-04-01,386
18,2017-04-06,448
18,2017-05-01,404
18,2017-05-09,322
18,2017-05-16,478
18,2017-05-22,354
18,2017-06-01,470
18,2017-06-03,393
18,2017-06-10,331
18,2017-06-24,430
18,2017-07-07,437
18,2017-08-16,492
18,2017-08-19,416
18,2017-08-22,393
18,2017-08-27,359
18,2017-09-06,366
18,2017-09-12,389
18,2017-09-17,472
18,2017-09-19,443
18,2017-09-21,388
18,2017-09-30,407
18,2017-10-05,454
18,2017-10-16,444
18,2017-10-25,366
18,2017-10-27,347
18,2017-11-13,414
18,2017-11-17,465
18,2017-11-20,353
18,2017-11-22,408
18,2017-12-26,371
18,2017-12-31,304
18,2018-01-23,421
18,2018-01-24,349
18,2018-01-25,394
18,2018-02-04,396
18,2018-02-09,359
18,2018-02-14,436
18,2018-02-20,434
18,2018-02-23,368
18,2018-02-27,421
18,2018-02-28,416
18,2018-03-24,470
18,2018-04-14,389
18,2018-04-18,472
18,2018-04-23,497
18,2018-04-25,401
18,2018-04-26,451
19,2016-05-21,405
19,2016-05-24,382
19,2016-05-25,462
19,2016-05-26,387
19,2016-06-22,454
19,2016-07-01,412
19,2016-07-14,453
19,2016-07-17,367
19,2016-07-20,452
19,2016-07-22,453
19,2016-07-25,466
19,2016-07-31,434
19,2016-08-18,377
19,2016-09-13,388
19,2016-10-06,425
19,2016-10-13,362
19,2016-10-25,368
19,2016-10-29,483
19,2016-11-02,379
19,2016-11-19,325
19,2016-11-22,404
19,2016-11-28,426
19,2016-12-08,442
19,2016-12-30,370
19,2017-01-05,317
19,2017-01-07,409
19,2017-01-30,445
19,2017-02-02,455
19,2017-02-18,425
19,2017-02-26,439
19,2017-02-28,369
19,2017-03-01,391
19,2017-04-15,419
19,2017-04-25,348
19,2017-04-27,445
19,2017-05-06,379
19,2017-05-14,297
19,2017-05-31,446
19,2017-06-05,385
19,2017-06-14,454
19,2017-06-24,360
19,2017-07-11,385
19,2017-07-13,405
19,2017-08-06,398
19,2017-08-07,427
19,2017-08-13,431
19,2017-09-10,464
19,2017-09-13,364
19,2017-11-04,374
19,2017-11-20,334
19,2017-11-25,501
19,2017-12-02,370
19,2017-12-04,389
19,2017-12-10,436
19,2017-12-12,372
19,2017-12-19,239
19,2018-01-07,447
19,2018-01-10,332
19,2018-01-22,344
19,2018-01-23,429
19,2018-01-30,402
19,2018-02-05,481
19,2018-02-25,440
19,2018-03-23,450
19,2018-03-30,385
19,2018-04-14,400
19,2018-04-23,361
20,2016-05-04,382
20,2016-05-05,402
20,2016-05-07,384
20,2016-05-08,409
20,2016-06-06,401
20,2016-06-12,423
20,2016-06-21,404
20,2016-06-24,424
20,2016-07-05,430
20,2016-07-07,409
20,2016-08-12,373
20,2016-08-14,345
20,2016-08-18,490
20,2016-08-21,396
20,2016-08-31,492
20,2016-09-01,432
20,2016-09-06,483
20,2016-09-13,470
20,2016-09-15,429
20,2016-09-20,368
20,2016-09-29,390
20,2016-10-02,395
20,2016-10-12,369
20,2016-10-16,378
20,2016-10-20,371
20,2016-10-22,397
20,2016-10-29,383
20,2016-10-30,420
20,2016-11-02,400
20,2016-11-03,420
20,2016-11-17,352
20,2016-12-01,430
20,2016-12-10,349
20,2016-12-13,416
20,2016-12-28,289
20,2017-01-04,418
20,2017-01-06,381
20,2017-01-07,361
20,2017-01-17,370
20,2017-02-08,473
20,2017-02-12,389
20,2017-02-17,489
20,2017-02-23,403
20,2017-02-25,350
20,2017-03-07,411
20,2017-03-21,373
20,2017-04-13,346
20,2017-05-03,388
20,2017-05-04,334
20,2017-05-19,392
20,2017-05-22,458
20,2017-06-03,408
20,2017-06-05,465
20,2017-06-12,496
20,2017-06-21,491
20,2017-07-19,403
20,2017-07-21,408
20,2017-07-30,473
20,2017-08-20,320
20,2017-08-29,247
20,2017-09-04,361
20,2017-09-14,438
20,2017-09-16,396
20,2017-10-01,371
20,2017-10-15,362
20,2017-11-04,467
20,2017-11-07,374
20,2017-11-08,436
20,2017-11-16,414
20,2017-11-19,415
20,2017-12-01,372
20,2017-12-02,344
20,2017-12-03,387
20,2017-12-17,445
20,2017-12-18,442
20,2018-01-11,419
20,2018-01-17,373
20,2018-01-25,353
20,2018-01-30,431
20,2018-02-24,449
20,2018-03-14,397
20,2018-03-23,461
20,2018-03-29,411
20,2018-03-31,429
20,2018-04-08,346
20,2018-04-15,435
20,2018-04-30,470
21,2016-05-10,337
21,2016-05-26,379
21,2016-06-19,408
21,2016-06-22,291
21,2016-07-08,365
21,2016-07-11,430
21,2016-07-22,352
21,2016-08-03,404
21,2016-08-18,243
21,2016-08-21,415
21,2016-08-26,419
21,2016-09-12,412
21,2016-09-13,437
21,2016-09-15,460
21,2016-10-04,415
21,2016-10-07,404
21,2016-10-22,370
21,2016-10-25,415
21,2016-11-02,356
21,2016-12-08,314
21,2016-12-11,474
21,2016-12-18,415
21,2016-12-28,420
21,2017-01-17,382
21,2017-02-02,439
21,2017-02-07,371
21,2017-02-22,418
21,2017-02-23,424
21,2017-02-24,480
21,2017-03-08,394
21,2017-03-22,385
21,2017-03-30,471
21,2017-04-13,386
21,2017-04-15,404
21,2017-04-20,383
21,2017-04-23,443
21,2017-04-24,346
21,2017-04-30,442
21,2017-05-09,378
21,2017-05-27,457
21,2017-06-02,341
21,2017-06-03,433
21,2017-06-05,364
21,2017-06-17,368
21,2017-06-29,518
21,2017-07-04,432
21,2017-07-14,395
21,2017-07-19,354
21,2017-08-08,368
21,2017-08-21,385
21,2017-08-27,372
21,2017-09-14,340
21,2017-09-26,442
21,2017-09-30,443
21,2017-10-02,351
21,2017-10-14,445
21,2017-10-24,394
21,2017-10-25,465
21,2017-11-05,462
21,2017-11-12,314
21,2017-11-26,316
21,2017-11-29,340
21,2017-11-30,456
21,2017-12-04,395
21,2017-12-06,396
21,2017-12-18,430
21,2017-12-22,342
21,2017-12-31,313
21,2018-01-11,469
21,2018-01-19,408
21,2018-02-20,465
21,2018-03-04,387
21,2018-03-13,468
21,2018-04-02,270
21,2018-04-05,389
22,2016-05-16,458
22,2016-06-08,396
22,2016-06-09,317
22,2016-06-16,405
22,2016-06-27,411
22,2016-07-19,461
22,2016-07-26,333
22,2016-07-30,396
22,2016-08-02,442
22,2016-08-06,275
22,2016-08-14,474
22,2016-08-23,466
22,2016-08-31,410
22,2016-10-01,298
22,2016-11-01,397
22,2016-11-04,369
22,2016-11-10,469
22,2016-11-11,468
22,2016-11-17,503
22,2016-11-30,392
22,2016-12-23,329
22,2016-12-27,385
22,2017-01-01,418
22,2017-01-15,408
22,2017-03-05,350
22,2017-03-17,442
22,2017-03-21,413
22,2017-03-23,345
22,2017-03-28,404
22,2017-04-19,426
22,2017-04-21,421
22,2017-04-24,433
22,2017-04-28,421
22,2017-04-29,396
22,2017-05-01,394
22,2017-05-12,409
22,2017-05-17,468
22,2017-05-28,298
22,2017-06-04,422
22,2017-06-05,377
22,2017-06-10,423
22,2017-06-11,399
22,2017-06-21,457
22,2017-06-24,352
22,2017-06-25,420
22,2017-07-11,385
22,2017-07-12,409
22,2017-08-22,372
22,2017-08-31,416
22,2017-09-12,424
22,2017-09-22,381
22,2017-09-30,420
22,2017-10-07,413
22,2017-10-13,333
22,2017-10-18,395
22,2017-10-26,342
22,2017-11-12,377
22,2017-11-13,416
22,2017-11-22,393
22,2017-11-29,414
22,2017-12-02,423
22,2017-12-07,481
22,2017-12-08,409
22,2017-12-21,403
22,2017-12-26,372
22,2018-01-06,391
22,2018-01-13,346
22,2018-01-14,367
22,2018-01-20,457
22,2018-01-26,413
22,2018-02-15,490
22,2018-02-16,419
22,2018-02-24,450
22,2018-03-04,301
22,2018-03-08,347
22,2018-03-15,446
22,2018-03-16,412
22,2018-03-28,321
22,2018-03-31,430
22,2018-04-12,400
22,2018-04-14,427
23,2016-05-04,400
23,2016-05-17,379
23,2016-05-19,433
23,2016-05-25,380
23,2016-05-30,433
23,2016-05-31,334
23,2016-06-09,452
23,2016-06-22,391
23,2016-08-06,355
23,2016-08-11,394
23,2016-08-23,391
23,2016-08-30,398
23,2016-09-01,407
23,2016-09-06,446
23,2016-09-11,440
23,2016-09-20,361
23,2016-09-30,406
23,2016-10-04,521
23,2016-10-26,369
23,2016-11-02,415
23,2016-11-05,427
23,2016-11-25,351
23,2016-11-28,417
23,2016-12-02,450
23,2016-12-04,432
23,2016-12-05,433
23,2016-12-11,357
23,2016-12-13,418
23,2016-12-25,486
23,2017-01-30,365
23,2017-02-04,458
23,2017-02-20,431
23,2017-03-20,350
23,2017-03-22,367
23,2017-03-24,424
23,2017-04-11,396
23,2017-04-13,426
23,2017-04-17,394
23,2017-04-22,328
23,2017-05-22,470
23,2017-06-03,434
23,2017-06-09,471
23,2017-06-16,345
23,2017-06-21,450
23,2017-06-24,420
23,2017-06-26,430
23,2017-07-01,397
23,2017-07-20,451
23,2017-07-21,338
23,2017-07-23,338
23,2017-08-06,319
23,2017-09-21,369
23,2017-10-02,348
23,2017-11-20,393
23,2017-12-03,350
23,2017-12-20,480
23,2018-01-13,462
23,2018-01-15,377
23,2018-02-06,405
23,2018-02-13,512
23,2018-02-14,447
23,2018-02-18,415
23,2018-02-20,452
23,2018-03-19,447
23,2018-03-22,392
23,2018-03-26,322
23,2018-03-29,388
23,2018-04-02,450
23,2018-04-16,364
24,2016-05-05,370
24,2016-05-22,379
24,2016-05-25,428
24,2016-05-27,414
24,2016-06-05,369
24,2016-06-07,457
24,2016-06-08,275
24,2016-06-20,421
24,2016-06-25,435
24,2016-06-26,286
24,2016-07-07,450
24,2016-07-28,387
24,2016-08-09,338
24,2016-08-14,445
24,2016-08-16,357
24,2016-08-24,409
24,2016-09-03,408
24,2016-09-21,399
24,2016-10-02,398
24,2016-10-05,359
24,2016-10-07,396
24,2016-10-09,360
24,2016-10-24,414
24,2016-10-25,376
24,2016-10-27,448
24,2016-12-10,379
24,2016-12-21,481
24,2017-01-17,388
24,2017-01-25,321
24,2017-02-04,386
24,2017-02-05,494
24,2017-02-11,358
24,2017-02-17,365
24,2017-02-18,419
24,2017-03-01,413
24,2017-03-22,439
24,2017-03-25,448
24,2017-03-26,440
24,2017-04-03,376
24,2017-04-07,349
24,2017-04-08,371
24,2017-04-18,346
24,2017-04-20,275
24,2017-04-30,450
24,2017-05-17,385
24,2017-05-24,416
24,2017-06-11,390
24,2017-06-18,458
24,2017-06-21,416
24,2017-06-27,424
24,2017-06-29,435
24,2017-06-30,453
24,2017-07-02,430
24,2017-07-04,282
24,2017-07-06,372
24,2017-07-16,421
24,2017-07-20,359
24,2017-08-26,371
24,2017-09-07,396
24,2017-10-03,312
24,2017-10-10,398
24,2017-10-15,325
24,2017-11-09,382
24,2017-12-02,360
24,2017-12-06,306
24,2017-12-12,377
24,2017-12-25,424
24,2017-12-26,477
24,2018-01-02,332
24,2018-01-06,452
24,2018-01-30,367
24,2018-01-31,341
24,2018-02-03,313
24,2018-02-06,392
24,2018-02-11,421
24,2018-02-14,408
24,2018-02-23,411
24,2018-03-25,445
24,2018-03-26,451
24,2018-04-10,369
24,2018-04-14,426
24,2018-04-15,380
24,2018-04-19,407
24,2018-04-22,436
24,2018-04-23,392
24,2018-04-27,376
24,2018-04-28,373
25,2016-05-03,447
25,2016-05-16,376
25,2016-05-21,321
25,2016-05-23,348
25,2016-06-14,425
25,2016-06-17,287
25,2016-06-19,376
25,2016-06-21,396
25,2016-06-23,358
25,2016-07-19,410
25,2016-07-21,424
25,2016-08-09,420
25,2016-08-19,341
25,2016-08-22,432
25,2016-08-27,365
25,2016-08-29,453
25,2016-08-30,390
25,2016-09-05,392
25,2016-09-18,423
25,2016-09-21,376
25,2016-09-22,346
25,2016-09-28,286
25,2016-10-06,395
25,2016-10-12,396
25,2016-10-17,429
25,2016-10-18,420
25,2016-10-21,361
25,2016-10-31,388
25,2016-11-14,458
25,2016-12-05,392
25,2016-12-09,360
25,2016-12-24,477
25,2017-01-22,364
25,2017-01-23,429
25,2017-02-08,389
25,2017-02-26,375
25,2017-03-08,399
25,2017-03-19,348
25,2017-03-28,296
25,2017-04-09,402
25,2017-04-11,409
25,2017-05-07,362
25,2017-05-15,450
25,2017-05-18,397
25,2017-05-25,410
25,2017-05-30,385
25,2017-06-15,430
25,2017-06-16,446
25,2017-06-26,421
25,2017-07-03,435
25,2017-07-26,363
25,2017-08-03,380
25,2017-08-04,400
25,2017-08-06,349
25,2017-08-14,487
25,2017-08-18,442
25,2017-08-19,387
25,2017-08-21,436
25,2017-09-07,445
25,2017-09-09,476
25,2017-09-25,309
25,2017-09-27,396
25,2017-10-19,421
25,2017-10-24,330
25,2017-11-16,393
25,2017-11-18,422
25,2017-12-02,400
25,2017-12-09,422
25,2018-02-01,435
25,2018-02-13,369
25,2018-02-17,420
25,2018-02-19,406
25,2018-02-21,352
25,2018-02-23,376
25,2018-03-10,526
25,2018-03-31,367
25,2018-04-05,431
25,2018-04-08,368
25,2018-04-10,361
26,2016-05-06,415
26,2016-05-14,433
26,2016-05-16,339
26,2016-05-17,462
26,2016-05-18,384
26,2016-05-21,406
26,2016-05-30,370
26,2016-06-08,355
26,2016-07-03,441
26,2016-07-05,460
26,2016-07-19,338
26,2016-07-21,449
26,2016-07-30,382
26,2016-08-04,460
26,2016-08-06,453
26,2016-08-08,279
26,2016-08-13,434
26,2016-08-20,409
26,2016-08-21,421
26,2016-08-23,369
26,2016-08-27,474
26,2016-08-31,473
26,2016-09-19,424
26,2016-09-21,374
26,2016-09-22,374
26,2016-10-05,405
26,2016-10-08,291
26,2016-11-09,325
26,2016-11-17,486
26,2016-11-30,334
26,2016-12-02,426
26,2017-01-16,452
26,2017-01-25,384
26,2017-01-26,406
26,2017-01-31,450
26,2017-02-04,435
26,2017-02-08,332
26,2017-02-12,530
26,2017-02-21,405
26,2017-02-27,384
26,2017-03-02,526
26,2017-04-11,399
26,2017-04-13,292
26,2017-04-27,348
26,2017-05-05,437
26,2017-05-09,349
26,2017-05-18,465
26,2017-05-21,416
26,2017-06-03,339
26,2017-06-07,396
26,2017-06-15,399
26,2017-06-21,389
26,2017-06-23,356
26,2017-06-27,465
26,2017-06-30,415
26,2017-07-09,431
26,2017-08-01,369
26,2017-08-15,431
26,2017-08-29,397
26,2017-09-13,369
26,2017-09-14,359
26,2017-09-19,478
26,2017-09-20,352
26,2017-09-24,361
26,2017-10-11,387
26,2017-10-18,348
26,2017-10-27,319
26,2017-10-30,439
26,2017-11-02,439
26,2017-11-03,419
26,2017-11-06,440
26,2017-11-11,419
26,2017-11-18,410
26,2017-11-25,461
26,2017-11-30,332
26,2017-12-07,332
26,2017-12-15,451
26,2017-12-18,439
26,2017-12-24,395
26,2018-01-11,360
26,2018-02-05,347
26,2018-02-17,364
26,2018-02-20,376
26,2018-02-26,375
26,2018-02-28,343
26,2018-03-16,367
26,2018-03-17,440
26,2018-03-21,379
26,2018-03-22,377
26,2018-03-24,343
26,2018-04-02,409
26,2018-04-18,424
27,2016-05-14,375
27,2016-05-26,460
27,2016-05-28,451
27,2016-05-31,390
27,2016-06-03,383
27,2016-06-23,339
27,2016-07-02,385
27,2016-07-22,421
27,2016-07-31,374
27,2016-08-01,446
27,2016-08-08,360
27,2016-08-11,368
27,2016-08-30,454
27,2016-09-06,334
27,2016-10-09,439
27,2016-10-13,398
27,2016-10-15,469
27,2016-11-02,455
27,2016-11-25,396
27,2016-12-02,385
27,2016-12-10,359
27,2016-12-14,455
27,2016-12-16,400
27,2016-12-18,451
27,2016-12-21,384
27,2016-12-22,369
27,2016-12-25,396
27,2016-12-29,424
27,2017-01-04,379
27,2017-01-06,314
27,2017-01-10,364
27,2017-01-24,367
27,2017-02-17,392
27,2017-02-28,407
27,2017-03-01,403
27,2017-03-13,437
27,2017-03-16,387
27,2017-03-22,453
27,2017-03-25,437
27,2017-03-26,418
27,2017-04-20,438
27,2017-04-21,368
27,2017-04-29,414
27,2017-05-04,510
27,2017-05-06,393
27,2017-05-07,368
27,2017-05-11,354
27,2017-05-14,391
27,2017-05-22,430
27,2017-05-28,381
27,2017-05-29,436
27,2017-06-04,383
27,2017-06-08,333
27,2017-06-14,407
27,2017-06-17,384
27,2017-06-26,481
27,2017-07-05,357
27,2017-07-15,391
27,2017-07-23,430
27,2017-07-31,428
27,2017-08-02,429
27,2017-08-07,361
27,2017-08-15,452
27,2017-08-17,353
27,2017-08-23,328
27,2017-09-19,412
27,2017-11-18,420
27,2017-11-24,378
27,2017-12-12,444
27,2017-12-13,387
27,2017-12-15,493
27,2017-12-22,355
27,2018-01-01,355
27,2018-01-04,420
27,2018-01-13,440
27,2018-02-02,389
27,2018-02-09,388
27,2018-02-13,329
27,2018-02-15,454
27,2018-02-27,413
27,2018-03-18,435
27,2018-03-19,463
27,2018-03-25,362
27,2018-03-30,452
27,2018-04-03,482
27,2018-04-18,437
27,2018-04-24,502
27,2018-04-26,340
28,2016-05-04,427
28,2016-05-05,431
28,2016-05-19,420
28,2016-05-24,424
28,2016-05-25,417
28,2016-05-26,442
28,2016-06-15,461
28,2016-06-17,439
28,2016-06-23,419
28,2016-06-25,487
28,2016-07-14,365
28,2016-08-05,407
28,2016-09-03,412
28,2016-09-17,335
28,2016-09-22,383
28,2016-09-28,362
28,2016-09-30,440
28,2016-10-06,361
28,2016-10-10,392
28,2016-10-11,395
28,2016-10-15,462
28,2016-11-08,333
28,2016-11-19,326
28,2016-11-29,435
28,2016-12-13,508
28,2016-12-17,396
28,2016-12-22,384
28,2017-01-06,445
28,2017-02-01,296
28,2017-02-04,360
28,2017-02-07,354
28,2017-03-07,315
28,2017-03-13,361
28,2017-03-16,429
28,2017-03-19,456
28,2017-03-27,416
28,2017-04-01,408
28,2017-04-09,468
28,2017-04-22,467
28,2017-05-06,427
28,2017-05-10,331
28,2017-06-09,448
28,2017-06-18,331
28,2017-07-18,335
28,2017-07-24,442
28,2017-07-29,384
28,2017-07-30,389
28,2017-08-18,407
28,2017-09-02,367
28,2017-09-24,385
28,2017-09-25,454
28,2017-09-29,456
28,2017-10-30,452
28,2017-11-04,283
28,2017-11-19,367
28,2017-11-22,414
28,2017-12-03,385
28,2017-12-25,366
28,2017-12-30,368
28,2017-12-31,430
28,2018-01-08,388
28,2018-01-22,384
28,2018-01-27,390
28,2018-01-30,344
28,2018-02-16,386
28,2018-02-24,390
28,2018-03-05,319
28,2018-03-08,369
28,2018-03-25,430
28,2018-04-01,454
28,2018-04-19,427
28,2018-04-22,381
28,2018-04-23,400
29,2016-05-03,388
29,2016-05-09,437
29,2016-05-14,383
29,2016-05-15,417
29,2016-05-25,512
29,2016-06-16,411
29,2016-06-17,305
29,2016-06-24,445
29,2016-06-25,312
29,2016-07-02,346
29,2016-07-10,320
29,2016-07-27,368
29,2016-07-30,437
29,2016-08-13,389
29,2016-08-17,431
29,2016-09-01,365
29,2016-09-06,409
29,2016-09-20,401
29,2016-09-26,472
29,2016-10-10,434
29,2016-10-21,382
29,2016-10-24,332
29,2016-11-07,488
29,2016-11-09,397
29,2016-11-11,323
29,2016-11-24,396
29,2016-11-26,430
29,2017-03-01,366
29,2017-03-11,426
29,2017-04-22,356
29,2017-04-23,406
29,2017-04-26,410
29,2017-04-29,404
29,2017-05-05,336
29,2017-05-11,374
29,2017-05-18,342
29,2017-05-24,442
29,2017-05-26,330
29,2017-05-29,456
29,2017-05-30,342
29,2017-05-31,355
29,2017-06-14,378
29,2017-06-26,425
29,2017-07-24,320
29,2017-08-14,409
29,2017-08-19,423
29,2017-09-06,408
29,2017-09-14,434
29,2017-09-17,451
29,2017-09-18,414
29,2017-10-07,303
29,2017-10-11,364
29,2017-10-19,290
29,2017-10-21,413
29,2017-10-26,432
29,2017-11-03,475
29,2017-11-04,359
29,2017-11-15,351
29,2017-11-16,409
29,2017-11-17,378
29,2017-12-03,325
29,2017-12-13,417
29,2017-12-15,403
29,2017-12-16,442
29,2017-12-30,437
29,2018-01-10,336
29,2018-01-12,385
29,2018-01-13,402
29,2018-01-21,378
29,2018-01-31,480
29,2018-02-11,331
29,2018-02-14,380
29,2018-03-19,373
29,2018-03-25,424
29,2018-03-26,434
29,2018-03-27,310
29,2018-03-28,360
29,2018-03-30,439
29,2018-04-13,488
29,2018-04-20,431
29,2018-04-21,421
29,2018-04-27,431
29,2018-04-30,385
30,2016-05-03,381
30,2016-05-13,294
30,2016-05-15,395
30,2016-05-19,452
30,2016-05-21,415
30,2016-05-28,342
30,2016-06-01,407
30,2016-06-06,389
30,2016-06-07,477
30,2016-06-09,388
30,2016-06-16,348
30,2016-06-27,345
30,2016-07-07,312
30,2016-07-25,378
30,2016-08-25,391
30,2016-08-26,330
30,2016-09-02,427
30,2016-09-09,443
30,2016-09-23,418
30,2016-09-26,390
30,2016-09-27,434
30,2016-10-01,375
30,2016-10-02,412
30,2016-10-07,469
30,2016-10-10,489
30,2016-10-16,321
30,2016-10-18,369
30,2016-10-26,404
30,2016-11-15,421
30,2016-11-25,359
30,2016-11-27,372
30,2016-12-02,366
30,2016-12-22,413
30,2017-01-08,427
30,2017-01-17,447
30,2017-01-29,424
30,2017-02-12,348
30,2017-02-14,530
30,2017-03-19,354
30,2017-03-26,383
30,2017-04-10,466
30,2017-04-15,400
30,2017-04-17,360
30,2017-04-24,357
30,2017-05-01,328
30,2017-05-12,354
30,2017-05-20,461
30,2017-06-09,377
30,2017-06-11,403
30,2017-06-18,389
30,2017-06-20,416
30,2017-07-13,421
30,2017-07-20,369
30,2017-07-22,415
30,2017-07-23,385
30,2017-08-09,377
30,2017-08-15,333
30,2017-09-08,393
30,2017-09-09,280
30,2017-09-15,410
30,2017-09-16,478
30,2017-09-20,386
30,2017-09-28,434
30,2017-09-30,392
30,2017-10-16,405
30,2017-10-17,369
30,2017-11-03,522
30,2017-11-04,456
30,2017-11-07,463
30,2017-11-08,366
30,2017-11-17,391
30,2017-11-18,406
30,2017-11-19,449
30,2017-12-12,387
30,2017-12-14,397
30,2017-12-16,358
30,2017-12-31,340
30,2018-01-05,403
30,2018-01-10,307
30,2018-01-14,360
30,2018-01-19,462
30,2018-01-29,359
30,2018-01-30,437
30,2018-02-05,372
30,2018-02-12,356
30,2018-02-22,351
30,2018-02-27,414
30,2018-03-08,471
30,2018-04-08,440
30,2018-04-11,371
30,2018-04-14,408
